,Stocks,Bonds,Gold
2015-04-01,565759488.0,3452545.0,160247.0
2015-04-02,484746336.0,871980.0,122682.0
2015-04-03,484746336.0,871980.0,122682.0
2015-04-04,484746336.0,871980.0,122682.0
2015-04-05,484746336.0,871980.0,122682.0
2015-04-06,603851840.0,1949393.0,115079.0
2015-04-07,436572576.0,1077244.0,91250.0
2015-04-08,488315552.0,3825055.0,122661.0
2015-04-09,473787104.0,1130037.0,115894.0
2015-04-10,467432128.0,4728115.0,133490.0
2015-04-11,467432128.0,4728115.0,133490.0
2015-04-12,467432128.0,4728115.0,133490.0
2015-04-13,489921632.0,6663737.0,114999.0
2015-04-14,450254752.0,1540735.0,171995.0
2015-04-15,562067456.0,1126828.0,142443.0
2015-04-16,494806784.0,1421564.0,168517.0
2015-04-17,661866240.0,1866735.0,123296.0
2015-04-18,661866240.0,1866735.0,123296.0
2015-04-19,661866240.0,1866735.0,123296.0
2015-04-20,481935744.0,2715173.0,144092.0
2015-04-21,486210336.0,1970584.0,112054.0
2015-04-22,508085472.0,1654597.0,165034.0
2015-04-23,568902400.0,6081385.0,123533.0
2015-04-24,555465408.0,1761035.0,169234.0
2015-04-25,555465408.0,1761035.0,169234.0
2015-04-26,555465408.0,1761035.0,169234.0
2015-04-27,593635072.0,1753879.0,228167.0
2015-04-28,549880064.0,1342065.0,163934.0
2015-04-29,550950656.0,2099720.0,147107.0
2015-04-30,686724416.0,4661771.0,221230.0
2015-05-01,509691456.0,7890437.0,133835.0
2015-05-02,509691456.0,7890437.0,133835.0
2015-05-03,509691456.0,7890437.0,133835.0
2015-05-04,458729024.0,1308987.0,118177.0
2015-05-05,532262944.0,4593111.0,120053.0
2015-05-06,552811392.0,4332707.0,120231.0
2015-05-07,523893312.0,3963187.0,169485.0
2015-05-08,524564448.0,1909359.0,176748.0
2015-05-09,524564448.0,1909359.0,176748.0
2015-05-10,524564448.0,1909359.0,176748.0
2015-05-11,467078912.0,1021998.0,164374.0
2015-05-12,468967040.0,2353492.0,171346.0
2015-05-13,474021408.0,2609167.0,283116.0
2015-05-14,478213216.0,1633706.0,196145.0
2015-05-15,609172416.0,1543000.0,149243.0
2015-05-16,609172416.0,1543000.0,149243.0
2015-05-17,609172416.0,1543000.0,149243.0
2015-05-18,444882912.0,4122446.0,140652.0
2015-05-19,494077216.0,5342131.0,208227.0
2015-05-20,477979008.0,4507049.0,154499.0
2015-05-21,468617184.0,2545485.0,154499.0
2015-05-22,423470688.0,898142.0,190111.0
2015-05-23,423470688.0,898142.0,190111.0
2015-05-24,423470688.0,898142.0,190111.0
2015-05-25,,,193515.0
2015-05-26,557894720.0,1296162.0,345843.0
2015-05-27,511388320.0,2820919.0,363228.0
2015-05-28,434158528.0,1180664.0,210342.0
2015-05-29,760270080.0,2743591.0,111876.0
2015-05-30,760270080.0,2743591.0,111876.0
2015-05-31,760270080.0,2743591.0,111876.0
2015-06-01,488124064.0,1496007.0,176834.0
2015-06-02,471208384.0,1657600.0,116651.0
2015-06-03,464587648.0,1526005.0,129754.0
2015-06-04,521653760.0,1219945.0,162020.0
2015-06-05,559378816.0,4517530.0,162967.0
2015-06-06,559378816.0,4517530.0,162967.0
2015-06-07,559378816.0,4517530.0,162967.0
2015-06-08,488359904.0,5438888.0,113069.0
2015-06-09,488887520.0,3165199.0,96305.0
2015-06-10,507592416.0,1342351.0,134582.0
2015-06-11,529810336.0,1993426.0,120231.0
2015-06-12,449569344.0,1959515.0,95999.0
2015-06-13,449569344.0,1959515.0,95999.0
2015-06-14,449569344.0,1959515.0,95999.0
2015-06-15,504811104.0,2286537.0,133498.0
2015-06-16,410786080.0,2470633.0,104848.0
2015-06-17,480836832.0,950339.0,106114.0
2015-06-18,544448512.0,1328519.0,201309.0
2015-06-19,1255469056.0,1291631.0,93207.0
2015-06-20,1255469056.0,1291631.0,93207.0
2015-06-21,1255469056.0,1291631.0,93207.0
2015-06-22,468268544.0,1119609.0,131751.0
2015-06-23,453347808.0,1203171.0,128758.0
2015-06-24,534118848.0,7505217.0,124106.0
2015-06-25,495866976.0,3177379.0,99861.0
2015-06-26,927653632.0,1057150.0,114285.0
2015-06-27,927653632.0,1057150.0,114285.0
2015-06-28,927653632.0,1057150.0,114285.0
2015-06-29,587052800.0,2380398.0,151909.0
2015-06-30,717721984.0,1699150.0,157918.0
2015-07-01,531789472.0,5551185.0,124106.0
2015-07-02,484464992.0,1161294.0,104044.0
2015-07-03,,,163433.0
2015-07-04,,,163433.0
2015-07-05,,,163433.0
2015-07-06,586280640.0,2421949.0,153284.0
2015-07-07,624425664.0,4582832.0,212796.0
2015-07-08,372360896.0,2155841.0,185540.0
2015-07-09,553703040.0,1830463.0,151732.0
2015-07-10,487562240.0,2232965.0,141751.0
2015-07-11,487562240.0,2232965.0,141751.0
2015-07-12,487562240.0,2232965.0,141751.0
2015-07-13,504202400.0,3118400.0,149468.0
2015-07-14,501668576.0,1717464.0,148522.0
2015-07-15,541155008.0,2882367.0,175405.0
2015-07-16,532404416.0,1164690.0,161543.0
2015-07-17,626313088.0,885103.0,195465.0
2015-07-18,626313088.0,885103.0,195465.0
2015-07-19,626313088.0,885103.0,195465.0
2015-07-20,498190976.0,1124918.0,309350.0
2015-07-21,554248768.0,1558761.0,219216.0
2015-07-22,605859072.0,1779296.0,219649.0
2015-07-23,586377280.0,1290898.0,283749.0
2015-07-24,622963520.0,881052.0,320246.0
2015-07-25,622963520.0,881052.0,320246.0
2015-07-26,622963520.0,881052.0,320246.0
2015-07-27,658550080.0,2216097.0,256706.0
2015-07-28,612904704.0,1571799.0,284424.0
2015-07-29,571805824.0,1118016.0,290789.0
2015-07-30,505772768.0,863300.0,232304.0
2015-07-31,639821952.0,1740845.0,195370.0
2015-08-01,639821952.0,1740845.0,195370.0
2015-08-02,639821952.0,1740845.0,195370.0
2015-08-03,546378688.0,2280383.0,117369.0
2015-08-04,546188992.0,1101171.0,121012.0
2015-08-05,581278336.0,2292646.0,127614.0
2015-08-06,612047808.0,1282491.0,100683.0
2015-08-07,529758816.0,1939296.0,184393.0
2015-08-08,529758816.0,1939296.0,184393.0
2015-08-09,529758816.0,1939296.0,184393.0
2015-08-10,537315072.0,1282658.0,161050.0
2015-08-11,562224960.0,1557071.0,205248.0
2015-08-12,632624384.0,1125771.0,208032.0
2015-08-13,502547936.0,924276.0,140071.0
2015-08-14,448693824.0,2492502.0,108516.0
2015-08-15,448693824.0,2492502.0,108516.0
2015-08-16,448693824.0,2492502.0,108516.0
2015-08-17,426348832.0,898472.0,98907.0
2015-08-18,444318624.0,1185025.0,126226.0
2015-08-19,571510720.0,1483059.0,171503.0
2015-08-20,674778240.0,1680289.0,206851.0
2015-08-21,1064603968.0,3781830.0,206476.0
2015-08-22,1064603968.0,3781830.0,206476.0
2015-08-23,1064603968.0,3781830.0,206476.0
2015-08-24,1333636096.0,5195096.0,284498.0
2015-08-25,1051579904.0,5822364.0,216353.0
2015-08-26,1029073600.0,2998372.0,226632.0
2015-08-27,924566976.0,2920207.0,156610.0
2015-08-28,723537984.0,2977928.0,159668.0
2015-08-29,723537984.0,2977928.0,159668.0
2015-08-30,723537984.0,2977928.0,159668.0
2015-08-31,764800512.0,3393162.0,103721.0
2015-09-01,870270848.0,2812372.0,134517.0
2015-09-02,733017536.0,2110724.0,117689.0
2015-09-03,632777984.0,2730756.0,117689.0
2015-09-04,665523776.0,1324303.0,114046.0
2015-09-05,665523776.0,1324303.0,114046.0
2015-09-06,665523776.0,1324303.0,114046.0
2015-09-07,,,123313.0
2015-09-08,683794752.0,1303352.0,161010.0
2015-09-09,667063872.0,4653710.0,204970.0
2015-09-10,668667584.0,2061001.0,127481.0
2015-09-11,589094912.0,1539889.0,131012.0
2015-09-12,589094912.0,1539889.0,131012.0
2015-09-13,589094912.0,1539889.0,131012.0
2015-09-14,546577984.0,988263.0,81449.0
2015-09-15,538382912.0,1851707.0,85564.0
2015-09-16,592044160.0,1722635.0,138641.0
2015-09-17,704755840.0,2000072.0,154967.0
2015-09-18,1861010816.0,1789081.0,162923.0
2015-09-19,1861010816.0,1789081.0,162923.0
2015-09-20,1861010816.0,1789081.0,162923.0
2015-09-21,570821440.0,1018810.0,98548.0
2015-09-22,692638208.0,1575456.0,131386.0
2015-09-23,505085376.0,773522.0,105593.0
2015-09-24,715187264.0,1586801.0,125172.0
2015-09-25,691157952.0,1237129.0,164172.0
2015-09-26,691157952.0,1237129.0,164172.0
2015-09-27,691157952.0,1237129.0,164172.0
2015-09-28,776229504.0,1423773.0,156519.0
2015-09-29,735942336.0,1370888.0,110917.0
2015-09-30,848607744.0,4835374.0,161955.0
2015-10-01,677047424.0,2203398.0,86742.0
2015-10-02,763305600.0,1927703.0,99646.0
2015-10-03,763305600.0,1927703.0,99646.0
2015-10-04,763305600.0,1927703.0,99646.0
2015-10-05,725903680.0,4573017.0,122668.0
2015-10-06,680094976.0,2096363.0,141663.0
2015-10-07,735449408.0,2037215.0,121204.0
2015-10-08,604542976.0,1217442.0,127276.0
2015-10-09,623466560.0,1303790.0,138927.0
2015-10-10,623466560.0,1303790.0,138927.0
2015-10-11,623466560.0,1303790.0,138927.0
2015-10-12,464178464.0,940865.0,116141.0
2015-10-13,567939008.0,1058037.0,152725.0
2015-10-14,631473984.0,856054.0,212199.0
2015-10-15,671347136.0,2465484.0,199703.0
2015-10-16,711579264.0,1351589.0,112634.0
2015-10-17,711579264.0,1351589.0,112634.0
2015-10-18,711579264.0,1351589.0,112634.0
2015-10-19,600820992.0,914706.0,113389.0
2015-10-20,563892992.0,1467987.0,131171.0
2015-10-21,610757056.0,1027332.0,125414.0
2015-10-22,787469824.0,1199040.0,124058.0
2015-10-23,745409728.0,1488570.0,156554.0
2015-10-24,745409728.0,1488570.0,156554.0
2015-10-25,745409728.0,1488570.0,156554.0
2015-10-26,602432000.0,1646561.0,93257.0
2015-10-27,652259328.0,1011870.0,98469.0
2015-10-28,661292928.0,2849845.0,99322.0
2015-10-29,549514496.0,1026897.0,163490.0
2015-10-30,789259200.0,1604967.0,134413.0
2015-10-31,789259200.0,1604967.0,134413.0
2015-11-01,789259200.0,1604967.0,134413.0
2015-11-02,579646016.0,3193752.0,117469.0
2015-11-03,588359040.0,4343267.0,170074.0
2015-11-04,617126400.0,3905660.0,173910.0
2015-11-05,590170688.0,1863833.0,169145.0
2015-11-06,661199296.0,1302393.0,239044.0
2015-11-07,661199296.0,1302393.0,239044.0
2015-11-08,661199296.0,1302393.0,239044.0
2015-11-09,664914560.0,2562480.0,171005.0
2015-11-10,564960064.0,1544050.0,183100.0
2015-11-11,511711648.0,1416266.0,242904.0
2015-11-12,574182720.0,1373348.0,259567.0
2015-11-13,652996480.0,1720300.0,147627.0
2015-11-14,652996480.0,1720300.0,147627.0
2015-11-15,652996480.0,1720300.0,147627.0
2015-11-16,607634112.0,1031288.0,174891.0
2015-11-17,677214464.0,1256213.0,208521.0
2015-11-18,609275904.0,1025744.0,187052.0
2015-11-19,545928576.0,1179496.0,210323.0
2015-11-20,691620032.0,1384103.0,218631.0
2015-11-21,691620032.0,1384103.0,218631.0
2015-11-22,691620032.0,1384103.0,218631.0
2015-11-23,571436544.0,1789946.0,259995.0
2015-11-24,607035008.0,1479835.0,259995.0
2015-11-25,440251936.0,982935.0,258109.0
2015-11-26,,,266993.0
2015-11-27,240329232.0,560576.0,248257.0
2015-11-28,240329232.0,560576.0,248257.0
2015-11-29,240329232.0,560576.0,248257.0
2015-11-30,818110592.0,6829357.0,126479.0
2015-12-01,591136320.0,1930377.0,132592.0
2015-12-02,615563200.0,1532946.0,130328.0
2015-12-03,749567616.0,2722413.0,183571.0
2015-12-04,740029888.0,4137820.0,218492.0
2015-12-05,740029888.0,4137820.0,218492.0
2015-12-06,740029888.0,4137820.0,218492.0
2015-12-07,639210624.0,1673388.0,116805.0
2015-12-08,666815424.0,1829656.0,136531.0
2015-12-09,719968704.0,2252114.0,147043.0
2015-12-10,598030080.0,2173498.0,104930.0
2015-12-11,718479360.0,2162655.0,160209.0
2015-12-12,718479360.0,2162655.0,160209.0
2015-12-13,718479360.0,2162655.0,160209.0
2015-12-14,771603136.0,3223524.0,126116.0
2015-12-15,689875200.0,1958683.0,119580.0
2015-12-16,680680128.0,2529386.0,154488.0
2015-12-17,646357248.0,2483738.0,185068.0
2015-12-18,1811635584.0,3482430.0,126527.0
2015-12-19,1811635584.0,3482430.0,126527.0
2015-12-20,1811635584.0,3482430.0,126527.0
2015-12-21,610341568.0,3424635.0,127971.0
2015-12-22,547162624.0,2546686.0,84464.0
2015-12-23,545202944.0,2744839.0,75345.0
2015-12-24,250582176.0,1472355.0,58394.0
2015-12-25,250582176.0,1472355.0,58394.0
2015-12-26,250582176.0,1472355.0,58394.0
2015-12-27,250582176.0,1472355.0,58394.0
2015-12-28,367756960.0,1709046.0,76687.0
2015-12-29,379040512.0,2796897.0,92610.0
2015-12-30,334636256.0,2536544.0,112530.0
2015-12-31,482631296.0,2616402.0,64885.0
2016-01-01,482631296.0,2616402.0,64885.0
2016-01-02,482631296.0,2616402.0,64885.0
2016-01-03,482631296.0,2616402.0,64885.0
2016-01-04,802129536.0,2974046.0,85609.0
2016-01-05,619318720.0,1636604.0,111998.0
2016-01-06,734870208.0,2585471.0,206679.0
2016-01-07,860961216.0,3019859.0,242179.0
2016-01-08,800850816.0,1519321.0,218594.0
2016-01-09,800850816.0,1519321.0,218594.0
2016-01-10,800850816.0,1519321.0,218594.0
2016-01-11,775686912.0,2321622.0,250583.0
2016-01-12,759267904.0,1779038.0,200488.0
2016-01-13,874626304.0,3122519.0,186927.0
2016-01-14,920885632.0,4915349.0,186927.0
2016-01-15,1195043072.0,1907239.0,220513.0
2016-01-16,1195043072.0,1907239.0,220513.0
2016-01-17,1195043072.0,1907239.0,220513.0
2016-01-18,,,220513.0
2016-01-19,877065728.0,4170077.0,188430.0
2016-01-20,1078152960.0,8430613.0,233778.0
2016-01-21,853851584.0,3311503.0,232861.0
2016-01-22,809197184.0,3248301.0,196816.0
2016-01-23,809197184.0,3248301.0,196816.0
2016-01-24,809197184.0,3248301.0,196816.0
2016-01-25,760987392.0,2340840.0,271810.0
2016-01-26,699065728.0,2875257.0,302143.0
2016-01-27,804557952.0,1875377.0,309061.0
2016-01-28,822107520.0,1600270.0,215463.0
2016-01-29,1218446208.0,3929741.0,148798.0
2016-01-30,1218446208.0,3929741.0,148798.0
2016-01-31,1218446208.0,3929741.0,148798.0
2016-02-01,714460224.0,2433424.0,124443.0
2016-02-02,788526720.0,2756367.0,124766.0
2016-02-03,893829504.0,3493956.0,198077.0
2016-02-04,865640064.0,1272353.0,195849.0
2016-02-05,866389376.0,2546589.0,228384.0
2016-02-06,866389376.0,2546589.0,228384.0
2016-02-07,866389376.0,2546589.0,228384.0
2016-02-08,1012988672.0,2718494.0,267793.0
2016-02-09,847559936.0,2540503.0,205482.0
2016-02-10,766388864.0,2755544.0,175481.0
2016-02-11,959752000.0,2036673.0,175481.0
2016-02-12,803716032.0,1591114.0,196134.0
2016-02-13,803716032.0,1591114.0,196134.0
2016-02-14,803716032.0,1591114.0,196134.0
2016-02-15,,,202716.0
2016-02-16,841186816.0,1606380.0,361724.0
2016-02-17,818797824.0,2328592.0,184123.0
2016-02-18,729950592.0,1962967.0,200328.0
2016-02-19,862800576.0,2009701.0,193593.0
2016-02-20,862800576.0,2009701.0,193593.0
2016-02-21,862800576.0,2009701.0,193593.0
2016-02-22,663536128.0,1723014.0,166424.0
2016-02-23,626866688.0,2420866.0,200877.0
2016-02-24,662368192.0,2626751.0,291325.0
2016-02-25,590114752.0,2597694.0,224786.0
2016-02-26,669995968.0,1756968.0,228165.0
2016-02-27,669995968.0,1756968.0,228165.0
2016-02-28,669995968.0,1756968.0,228165.0
2016-02-29,849517056.0,1972136.0,202876.0
2016-03-01,742732288.0,2742088.0,242160.0
2016-03-02,680836864.0,2301447.0,204154.0
2016-03-03,667873920.0,2961713.0,258623.0
2016-03-04,782617216.0,1235871.0,392581.0
2016-03-05,782617216.0,1235871.0,392581.0
2016-03-06,782617216.0,1235871.0,392581.0
2016-03-07,654499200.0,1403272.0,259141.0
2016-03-08,699822912.0,1844637.0,230987.0
2016-03-09,608087616.0,2164461.0,266274.0
2016-03-10,665461440.0,1922791.0,339438.0
2016-03-11,641731328.0,1531504.0,272133.0
2016-03-12,641731328.0,1531504.0,272133.0
2016-03-13,641731328.0,1531504.0,272133.0
2016-03-14,546849792.0,1652026.0,251052.0
2016-03-15,529518144.0,2013842.0,211281.0
2016-03-16,617723072.0,1510644.0,232302.0
2016-03-17,661846528.0,1691639.0,238297.0
2016-03-18,1743233792.0,1313032.0,188814.0
2016-03-19,1743233792.0,1313032.0,188814.0
2016-03-20,1743233792.0,1313032.0,188814.0
2016-03-21,535593472.0,1737583.0,250666.0
2016-03-22,555537728.0,2315456.0,279513.0
2016-03-23,542149248.0,1329672.0,279513.0
2016-03-24,600157248.0,1886915.0,241364.0
2016-03-25,600157248.0,1886915.0,241364.0
2016-03-26,600157248.0,1886915.0,241364.0
2016-03-27,600157248.0,1886915.0,241364.0
2016-03-28,460633984.0,2551634.0,241364.0
2016-03-29,571904000.0,1983293.0,400273.0
2016-03-30,511572096.0,1749086.0,238962.0
2016-03-31,636649600.0,3270851.0,127729.0
2016-04-01,655072832.0,3253098.0,214664.0
2016-04-02,655072832.0,3253098.0,214664.0
2016-04-03,655072832.0,3253098.0,214664.0
2016-04-04,532744352.0,1560647.0,98092.0
2016-04-05,666243840.0,2309461.0,166263.0
2016-04-06,581334912.0,1969793.0,143624.0
2016-04-07,618328704.0,1647684.0,202442.0
2016-04-08,534874816.0,1506643.0,144116.0
2016-04-09,534874816.0,1506643.0,144116.0
2016-04-10,534874816.0,1506643.0,144116.0
2016-04-11,586585536.0,1304446.0,179663.0
2016-04-12,590880256.0,2566147.0,169882.0
2016-04-13,631117120.0,1879794.0,167611.0
2016-04-14,563171264.0,1737844.0,215645.0
2016-04-15,693621632.0,1269087.0,127382.0
2016-04-16,693621632.0,1269087.0,127382.0
2016-04-17,693621632.0,1269087.0,127382.0
2016-04-18,548081408.0,1499389.0,158251.0
2016-04-19,590645248.0,1250401.0,224366.0
2016-04-20,605036480.0,2566719.0,177208.0
2016-04-21,652614464.0,1809404.0,283852.0
2016-04-22,706001536.0,5496717.0,220466.0
2016-04-23,706001536.0,5496717.0,220466.0
2016-04-24,706001536.0,5496717.0,220466.0
2016-04-25,544817664.0,2668475.0,128365.0
2016-04-26,600619072.0,1815538.0,157467.0
2016-04-27,674136320.0,1564932.0,181620.0
2016-04-28,689625600.0,1747027.0,241366.0
2016-04-29,887373760.0,3069895.0,300076.0
2016-04-30,887373760.0,3069895.0,300076.0
2016-05-01,887373760.0,3069895.0,300076.0
2016-05-02,604159488.0,2620706.0,231089.0
2016-05-03,635573824.0,1893490.0,248572.0
2016-05-04,627049792.0,3076260.0,238899.0
2016-05-05,596503936.0,1362702.0,191764.0
2016-05-06,588466688.0,1630850.0,294315.0
2016-05-07,588466688.0,1630850.0,294315.0
2016-05-08,588466688.0,1630850.0,294315.0
2016-05-09,557478400.0,1472654.0,261928.0
2016-05-10,520496992.0,2026158.0,204834.0
2016-05-11,580146240.0,2553480.0,328026.0
2016-05-12,588764672.0,1773020.0,264690.0
2016-05-13,575411968.0,1498617.0,196217.0
2016-05-14,575411968.0,1498617.0,196217.0
2016-05-15,575411968.0,1498617.0,196217.0
2016-05-16,567350592.0,3358863.0,226452.0
2016-05-17,686714880.0,1861609.0,248303.0
2016-05-18,558238592.0,1808011.0,275252.0
2016-05-19,590037248.0,1570022.0,336038.0
2016-05-20,697872768.0,2191997.0,288904.0
2016-05-21,697872768.0,2191997.0,288904.0
2016-05-22,697872768.0,2191997.0,288904.0
2016-05-23,524844096.0,1405669.0,314804.0
2016-05-24,557635712.0,2849359.0,466683.0
2016-05-25,561713408.0,1581648.0,366983.0
2016-05-26,474150688.0,1685596.0,366983.0
2016-05-27,508526976.0,2193738.0,363664.0
2016-05-28,508526976.0,2193738.0,363664.0
2016-05-29,508526976.0,2193738.0,363664.0
2016-05-30,,,274676.0
2016-05-31,904460864.0,1460030.0,256501.0
2016-06-01,556871680.0,1739740.0,171528.0
2016-06-02,628071040.0,1608945.0,120001.0
2016-06-03,568055936.0,2097707.0,127992.0
2016-06-04,568055936.0,2097707.0,127992.0
2016-06-05,568055936.0,2097707.0,127992.0
2016-06-06,533129792.0,1715672.0,173489.0
2016-06-07,536135584.0,1373283.0,129779.0
2016-06-08,496883392.0,1471031.0,198201.0
2016-06-09,482667776.0,1724371.0,170901.0
2016-06-10,552233728.0,1685933.0,178417.0
2016-06-11,552233728.0,1685933.0,178417.0
2016-06-12,552233728.0,1685933.0,178417.0
2016-06-13,564069248.0,1799649.0,213014.0
2016-06-14,576817024.0,1631280.0,202310.0
2016-06-15,575947584.0,1439573.0,215173.0
2016-06-16,552032576.0,1189647.0,390981.0
2016-06-17,1301417344.0,1991521.0,236283.0
2016-06-18,1301417344.0,1991521.0,236283.0
2016-06-19,1301417344.0,1991521.0,236283.0
2016-06-20,598191232.0,2512390.0,211454.0
2016-06-21,537166016.0,1910545.0,225880.0
2016-06-22,519444160.0,1431624.0,139700.0
2016-06-23,525406336.0,1233728.0,164181.0
2016-06-24,1403948800.0,2172946.0,314275.0
2016-06-25,1403948800.0,2172946.0,314275.0
2016-06-26,1403948800.0,2172946.0,314275.0
2016-06-27,882723904.0,2639310.0,278359.0
2016-06-28,719004608.0,3180542.0,227354.0
2016-06-29,691908608.0,2596132.0,192801.0
2016-06-30,892900672.0,3598542.0,192801.0
2016-07-01,551760256.0,2704123.0,211964.0
2016-07-02,551760256.0,2704123.0,211964.0
2016-07-03,551760256.0,2704123.0,211964.0
2016-07-04,,,248583.0
2016-07-05,650726976.0,3411433.0,393410.0
2016-07-06,649664896.0,2068806.0,261459.0
2016-07-07,546443968.0,2171009.0,239828.0
2016-07-08,597253888.0,1867145.0,338378.0
2016-07-09,597253888.0,1867145.0,338378.0
2016-07-10,597253888.0,1867145.0,338378.0
2016-07-11,514516416.0,2795532.0,286795.0
2016-07-12,599293056.0,1896381.0,293975.0
2016-07-13,514560576.0,1444676.0,244321.0
2016-07-14,530310560.0,1731973.0,304181.0
2016-07-15,643167296.0,2386163.0,220460.0
2016-07-16,643167296.0,2386163.0,220460.0
2016-07-17,643167296.0,2386163.0,220460.0
2016-07-18,479280256.0,2302817.0,194416.0
2016-07-19,517261568.0,1665982.0,189974.0
2016-07-20,500403776.0,1803132.0,266587.0
2016-07-21,559769216.0,2217542.0,329190.0
2016-07-22,525963936.0,1721839.0,308402.0
2016-07-23,525963936.0,1721839.0,308402.0
2016-07-24,525963936.0,1721839.0,308402.0
2016-07-25,511452928.0,1286714.0,413123.0
2016-07-26,540293568.0,2547957.0,316967.0
2016-07-27,662897024.0,1682726.0,422623.0
2016-07-28,565285952.0,1515663.0,272392.0
2016-07-29,787157184.0,2946076.0,253414.0
2016-07-30,787157184.0,2946076.0,253414.0
2016-07-31,787157184.0,2946076.0,253414.0
2016-08-01,543821056.0,3950504.0,123196.0
2016-08-02,619404544.0,4878053.0,187709.0
2016-08-03,542428992.0,3701767.0,160980.0
2016-08-04,492510112.0,1281435.0,193442.0
2016-08-05,569883904.0,2150770.0,246359.0
2016-08-06,569883904.0,2150770.0,246359.0
2016-08-07,569883904.0,2150770.0,246359.0
2016-08-08,487030880.0,1964875.0,161660.0
2016-08-09,427990080.0,2412171.0,142652.0
2016-08-10,439575328.0,1782719.0,205037.0
2016-08-11,464781440.0,1876432.0,174065.0
2016-08-12,432168768.0,1712060.0,261029.0
2016-08-13,432168768.0,1712060.0,261029.0
2016-08-14,432168768.0,1712060.0,261029.0
2016-08-15,441297760.0,2070377.0,132938.0
2016-08-16,484490144.0,2306145.0,235250.0
2016-08-17,499948448.0,2158320.0,185751.0
2016-08-18,510789248.0,1866675.0,177855.0
2016-08-19,580194688.0,2126947.0,192002.0
2016-08-20,580194688.0,2126947.0,192002.0
2016-08-21,580194688.0,2126947.0,192002.0
2016-08-22,463033728.0,1479844.0,164587.0
2016-08-23,466739616.0,1778537.0,145829.0
2016-08-24,472268704.0,2220952.0,259942.0
2016-08-25,459402656.0,1852663.0,195369.0
2016-08-26,494436288.0,3064404.0,328844.0
2016-08-27,494436288.0,3064404.0,328844.0
2016-08-28,494436288.0,3064404.0,328844.0
2016-08-29,434445696.0,1541729.0,147754.0
2016-08-30,470171552.0,5064535.0,172448.0
2016-08-31,659165312.0,2038237.0,193125.0
2016-09-01,507292928.0,3307419.0,195369.0
2016-09-02,491385888.0,1912470.0,193265.0
2016-09-03,491385888.0,1912470.0,193265.0
2016-09-04,491385888.0,1912470.0,193265.0
2016-09-05,,,251397.0
2016-09-06,569216256.0,4592263.0,305622.0
2016-09-07,511750080.0,1967819.0,164880.0
2016-09-08,530088960.0,3698286.0,191886.0
2016-09-09,733298304.0,3073712.0,175345.0
2016-09-10,733298304.0,3073712.0,175345.0
2016-09-11,733298304.0,3073712.0,175345.0
2016-09-12,678672320.0,3395070.0,209449.0
2016-09-13,671924160.0,2840938.0,199038.0
2016-09-14,613080000.0,2260445.0,154864.0
2016-09-15,582081152.0,1933483.0,229978.0
2016-09-16,1474370048.0,1391573.0,152236.0
2016-09-17,1474370048.0,1391573.0,152236.0
2016-09-18,1474370048.0,1391573.0,152236.0
2016-09-19,513154496.0,1657732.0,140481.0
2016-09-20,485033376.0,1341598.0,121457.0
2016-09-21,584047616.0,2106627.0,142801.0
2016-09-22,521698208.0,1568178.0,181419.0
2016-09-23,520729440.0,1533720.0,129032.0
2016-09-24,520729440.0,1533720.0,129032.0
2016-09-25,520729440.0,1533720.0,129032.0
2016-09-26,517749728.0,1818560.0,145345.0
2016-09-27,534098176.0,2615551.0,217391.0
2016-09-28,558074688.0,2430731.0,179591.0
2016-09-29,616776896.0,3070846.0,168664.0
2016-09-30,809096384.0,1770068.0,225213.0
2016-10-01,809096384.0,1770068.0,225213.0
2016-10-02,809096384.0,1770068.0,225213.0
2016-10-03,514417696.0,1602808.0,140491.0
2016-10-04,563782656.0,1928194.0,191434.0
2016-10-05,599675328.0,2831212.0,234725.0
2016-10-06,517704704.0,1219792.0,207617.0
2016-10-07,620407808.0,1893710.0,289313.0
2016-10-08,620407808.0,1893710.0,289313.0
2016-10-09,620407808.0,1893710.0,289313.0
2016-10-10,452953152.0,1513783.0,156817.0
2016-10-11,576879296.0,1568208.0,154617.0
2016-10-12,458993728.0,1366235.0,154429.0
2016-10-13,561306496.0,1726591.0,168741.0
2016-10-14,549012224.0,1465367.0,193347.0
2016-10-15,549012224.0,1465367.0,193347.0
2016-10-16,549012224.0,1465367.0,193347.0
2016-10-17,479872096.0,1071350.0,124001.0
2016-10-18,475357952.0,1239600.0,164492.0
2016-10-19,544920640.0,1642201.0,149590.0
2016-10-20,571554560.0,1362708.0,149026.0
2016-10-21,654916224.0,1081945.0,119036.0
2016-10-22,654916224.0,1081945.0,119036.0
2016-10-23,654916224.0,1081945.0,119036.0
2016-10-24,523593280.0,1544003.0,193259.0
2016-10-25,531518176.0,1552659.0,149737.0
2016-10-26,562100224.0,1215397.0,160320.0
2016-10-27,614987648.0,1962719.0,147260.0
2016-10-28,641413824.0,1671908.0,243947.0
2016-10-29,641413824.0,1671908.0,243947.0
2016-10-30,641413824.0,1671908.0,243947.0
2016-10-31,673285120.0,1767802.0,131337.0
2016-11-01,712708096.0,1720825.0,228094.0
2016-11-02,644609408.0,3326422.0,262503.0
2016-11-03,593296448.0,2475522.0,252348.0
2016-11-04,624722240.0,1110010.0,244455.0
2016-11-05,624722240.0,1110010.0,244455.0
2016-11-06,624722240.0,1110010.0,244455.0
2016-11-07,608628288.0,1367403.0,263164.0
2016-11-08,556660928.0,2659297.0,238170.0
2016-11-09,993082624.0,3655360.0,448610.0
2016-11-10,998151104.0,3005795.0,482069.0
2016-11-11,734622976.0,1675068.0,514460.0
2016-11-12,734622976.0,1675068.0,514460.0
2016-11-13,734622976.0,1675068.0,514460.0
2016-11-14,798294848.0,2203845.0,389428.0
2016-11-15,684014976.0,2223724.0,259037.0
2016-11-16,569546880.0,1726829.0,250758.0
2016-11-17,569031552.0,1867266.0,271214.0
2016-11-18,670633600.0,1655256.0,299839.0
2016-11-19,670633600.0,1655256.0,299839.0
2016-11-20,670633600.0,1655256.0,299839.0
2016-11-21,571010944.0,2198200.0,199121.0
2016-11-22,593662272.0,1978616.0,199121.0
2016-11-23,523791840.0,1741536.0,257433.0
2016-11-24,,,256993.0
2016-11-25,262011104.0,999101.0,405078.0
2016-11-26,262011104.0,999101.0,405078.0
2016-11-27,262011104.0,999101.0,405078.0
2016-11-28,562045760.0,1433601.0,339841.0
2016-11-29,578292480.0,1678372.0,269120.0
2016-11-30,1055366912.0,2514201.0,268199.0
2016-12-01,742115456.0,3171342.0,240370.0
2016-12-02,587453632.0,2064153.0,189213.0
2016-12-03,587453632.0,2064153.0,189213.0
2016-12-04,587453632.0,2064153.0,189213.0
2016-12-05,624639552.0,2622691.0,235288.0
2016-12-06,546795904.0,2472877.0,146655.0
2016-12-07,705816512.0,4519889.0,154342.0
2016-12-08,623697536.0,2457157.0,156563.0
2016-12-09,551473152.0,2852764.0,171952.0
2016-12-10,551473152.0,2852764.0,171952.0
2016-12-11,551473152.0,2852764.0,171952.0
2016-12-12,629435328.0,3664958.0,174277.0
2016-12-13,587682560.0,4625172.0,154304.0
2016-12-14,698708672.0,3143352.0,225959.0
2016-12-15,619909120.0,2804366.0,307028.0
2016-12-16,1483124864.0,3257987.0,188221.0
2016-12-17,1483124864.0,3257987.0,188221.0
2016-12-18,1483124864.0,3257987.0,188221.0
2016-12-19,492816608.0,3106844.0,126665.0
2016-12-20,498685952.0,6191468.0,156735.0
2016-12-21,427310464.0,2903209.0,125306.0
2016-12-22,473956160.0,3008465.0,126094.0
2016-12-23,301660032.0,2212326.0,82931.0
2016-12-24,301660032.0,2212326.0,82931.0
2016-12-25,301660032.0,2212326.0,82931.0
2016-12-26,301660032.0,2212326.0,82931.0
2016-12-27,296788800.0,2298322.0,114181.0
2016-12-28,378174432.0,4322642.0,118282.0
2016-12-29,342508320.0,3287756.0,167280.0
2016-12-30,540389824.0,2466975.0,159716.0
2016-12-31,540389824.0,2466975.0,159716.0
2017-01-01,540389824.0,2466975.0,159716.0
2017-01-02,540389824.0,2466975.0,159716.0
2017-01-03,644640832.0,3494980.0,254650.0
2017-01-04,563923392.0,3265441.0,202315.0
2017-01-05,563717952.0,4104571.0,299019.0
2017-01-06,482665024.0,2413967.0,253700.0
2017-01-07,482665024.0,2413967.0,253700.0
2017-01-08,482665024.0,2413967.0,253700.0
2017-01-09,530640928.0,1884244.0,212761.0
2017-01-10,592543232.0,2374618.0,264954.0
2017-01-11,545655744.0,2455809.0,380989.0
2017-01-12,475570272.0,3145396.0,380989.0
2017-01-13,483108128.0,2558505.0,316858.0
2017-01-14,483108128.0,2558505.0,316858.0
2017-01-15,483108128.0,2558505.0,316858.0
2017-01-16,,,316858.0
2017-01-17,604284224.0,2308183.0,425929.0
2017-01-18,507557536.0,2090333.0,238241.0
2017-01-19,508367712.0,2238102.0,282898.0
2017-01-20,716563456.0,1937390.0,274834.0
2017-01-21,716563456.0,1937390.0,274834.0
2017-01-22,716563456.0,1937390.0,274834.0
2017-01-23,526228480.0,1572212.0,279743.0
2017-01-24,551837056.0,2253655.0,279211.0
2017-01-25,615908288.0,2002320.0,398082.0
2017-01-26,582538304.0,2512766.0,350642.0
2017-01-27,514479232.0,1866051.0,390019.0
2017-01-28,514479232.0,1866051.0,390019.0
2017-01-29,514479232.0,1866051.0,390019.0
2017-01-30,555456320.0,2848162.0,251597.0
2017-01-31,758256576.0,3014497.0,259526.0
2017-02-01,610556672.0,2435761.0,228900.0
2017-02-02,579042496.0,1837714.0,243120.0
2017-02-03,560874880.0,2525751.0,226552.0
2017-02-04,560874880.0,2525751.0,226552.0
2017-02-05,560874880.0,2525751.0,226552.0
2017-02-06,509036512.0,3409277.0,205035.0
2017-02-07,532495104.0,5516339.0,218576.0
2017-02-08,530667232.0,2287598.0,233255.0
2017-02-09,533453408.0,3591092.0,260521.0
2017-02-10,510223232.0,2118290.0,248911.0
2017-02-11,510223232.0,2118290.0,248911.0
2017-02-12,510223232.0,2118290.0,248911.0
2017-02-13,496478944.0,1961505.0,187075.0
2017-02-14,542220416.0,2293499.0,247678.0
2017-02-15,558573056.0,1583232.0,234492.0
2017-02-16,530389088.0,3464679.0,234492.0
2017-02-17,659699008.0,1600386.0,209988.0
2017-02-18,659699008.0,1600386.0,209988.0
2017-02-19,659699008.0,1600386.0,209988.0
2017-02-20,,,177672.0
2017-02-21,572986048.0,1907049.0,267181.0
2017-02-22,516228864.0,2069758.0,208392.0
2017-02-23,546630336.0,1674614.0,289048.0
2017-02-24,608415552.0,1793920.0,233867.0
2017-02-25,608415552.0,1793920.0,233867.0
2017-02-26,608415552.0,1793920.0,233867.0
2017-02-27,483942048.0,2111689.0,218999.0
2017-02-28,764148544.0,2080187.0,253000.0
2017-03-01,652781440.0,3104497.0,336424.0
2017-03-02,524223104.0,2182872.0,299871.0
2017-03-03,487154592.0,2356734.0,300381.0
2017-03-04,487154592.0,2356734.0,300381.0
2017-03-05,487154592.0,2356734.0,300381.0
2017-03-06,515218656.0,1976515.0,166235.0
2017-03-07,495074592.0,1728422.0,239137.0
2017-03-08,544389568.0,2283477.0,234888.0
2017-03-09,512495808.0,2901580.0,264499.0
2017-03-10,530017280.0,3605297.0,285574.0
2017-03-11,530017280.0,3605297.0,285574.0
2017-03-12,530017280.0,3605297.0,285574.0
2017-03-13,468236416.0,2274628.0,205069.0
2017-03-14,443847040.0,3804708.0,219465.0
2017-03-15,534171424.0,2397308.0,289595.0
2017-03-16,500862688.0,2750806.0,282822.0
2017-03-17,1610664448.0,1358699.0,185227.0
2017-03-18,1610664448.0,1358699.0,185227.0
2017-03-19,1610664448.0,1358699.0,185227.0
2017-03-20,487434816.0,1587692.0,145655.0
2017-03-21,658820992.0,2184618.0,170543.0
2017-03-22,569714368.0,1407650.0,252780.0
2017-03-23,512105376.0,1881349.0,289174.0
2017-03-24,555441984.0,3926579.0,264633.0
2017-03-25,555441984.0,3926579.0,264633.0
2017-03-26,555441984.0,3926579.0,264633.0
2017-03-27,539624512.0,1965572.0,325400.0
2017-03-28,510297504.0,2091997.0,361561.0
2017-03-29,445232512.0,1425765.0,368560.0
2017-03-30,486535456.0,1474864.0,278814.0
2017-03-31,614252992.0,2521396.0,180838.0
2017-04-01,614252992.0,2521396.0,180838.0
2017-04-02,614252992.0,2521396.0,180838.0
2017-04-03,649208448.0,2246784.0,149434.0
2017-04-04,479046432.0,2079554.0,165877.0
2017-04-05,561280448.0,2150416.0,249719.0
2017-04-06,522983520.0,1945381.0,169662.0
2017-04-07,462738112.0,1686286.0,194908.0
2017-04-08,462738112.0,1686286.0,194908.0
2017-04-09,462738112.0,1686286.0,194908.0
2017-04-10,428762208.0,1553707.0,189109.0
2017-04-11,481030528.0,1405629.0,299512.0
2017-04-12,502638272.0,1889060.0,299512.0
2017-04-13,468946976.0,1461202.0,257274.0
2017-04-14,468946976.0,1461202.0,257274.0
2017-04-15,468946976.0,1461202.0,257274.0
2017-04-16,468946976.0,1461202.0,257274.0
2017-04-17,441432224.0,1567233.0,201046.0
2017-04-18,459867360.0,1869618.0,294515.0
2017-04-19,499072480.0,1506857.0,273269.0
2017-04-20,552296896.0,1494955.0,253402.0
2017-04-21,611675328.0,1301975.0,235981.0
2017-04-22,611675328.0,1301975.0,235981.0
2017-04-23,611675328.0,1301975.0,235981.0
2017-04-24,582277824.0,2795152.0,320321.0
2017-04-25,574249920.0,1752074.0,266610.0
2017-04-26,558455040.0,1967357.0,252476.0
2017-04-27,552866368.0,1618077.0,214942.0
2017-04-28,644097792.0,2202000.0,182827.0
2017-04-29,644097792.0,2202000.0,182827.0
2017-04-30,644097792.0,2202000.0,182827.0
2017-05-01,491731488.0,1546761.0,209241.0
2017-05-02,586219584.0,1741533.0,196262.0
2017-05-03,569825920.0,3085267.0,267607.0
2017-05-04,558576448.0,1272522.0,362412.0
2017-05-05,471368640.0,1735911.0,309014.0
2017-05-06,471368640.0,1735911.0,309014.0
2017-05-07,471368640.0,1735911.0,309014.0
2017-05-08,503851552.0,1917298.0,229148.0
2017-05-09,485990880.0,2649708.0,282457.0
2017-05-10,487623840.0,1931188.0,217869.0
2017-05-11,508434784.0,1487496.0,305227.0
2017-05-12,454115136.0,1580409.0,231565.0
2017-05-13,454115136.0,1580409.0,231565.0
2017-05-14,454115136.0,1580409.0,231565.0
2017-05-15,504821792.0,1886974.0,201738.0
2017-05-16,488592928.0,1842281.0,227761.0
2017-05-17,689200576.0,2079332.0,410739.0
2017-05-18,594080320.0,1969176.0,402745.0
2017-05-19,704417088.0,1459410.0,240367.0
2017-05-20,704417088.0,1459410.0,240367.0
2017-05-21,704417088.0,1459410.0,240367.0
2017-05-22,489164896.0,1643617.0,256594.0
2017-05-23,461424576.0,1757482.0,340313.0
2017-05-24,455597760.0,1641551.0,313250.0
2017-05-25,502795776.0,1159811.0,313250.0
2017-05-26,395603200.0,996879.0,274247.0
2017-05-27,395603200.0,996879.0,274247.0
2017-05-28,395603200.0,996879.0,274247.0
2017-05-29,,,439415.0
2017-05-30,467493664.0,1342888.0,433520.0
2017-05-31,917610368.0,2395759.0,215356.0
2017-06-01,561233664.0,1786536.0,186914.0
2017-06-02,557089152.0,1874422.0,284605.0
2017-06-03,557089152.0,1874422.0,284605.0
2017-06-04,557089152.0,1874422.0,284605.0
2017-06-05,431955008.0,2000939.0,143381.0
2017-06-06,508445280.0,3406751.0,268651.0
2017-06-07,552089664.0,1820571.0,227185.0
2017-06-08,598867520.0,1908983.0,263752.0
2017-06-09,702464768.0,1466616.0,226179.0
2017-06-10,702464768.0,1466616.0,226179.0
2017-06-11,702464768.0,1466616.0,226179.0
2017-06-12,692720448.0,2144737.0,180492.0
2017-06-13,593555072.0,1582087.0,181218.0
2017-06-14,556086976.0,2582288.0,178413.0
2017-06-15,540293248.0,2154592.0,264904.0
2017-06-16,1491436288.0,1437262.0,154188.0
2017-06-17,1491436288.0,1437262.0,154188.0
2017-06-18,1491436288.0,1437262.0,154188.0
2017-06-19,513362432.0,1855405.0,190300.0
2017-06-20,505403104.0,1946605.0,201971.0
2017-06-21,530549984.0,1304850.0,175502.0
2017-06-22,527452352.0,1247978.0,201763.0
2017-06-23,1058563840.0,1416018.0,173405.0
2017-06-24,1058563840.0,1416018.0,173405.0
2017-06-25,1058563840.0,1416018.0,173405.0
2017-06-26,483460704.0,4871801.0,235695.0
2017-06-27,546610368.0,2479117.0,237939.0
2017-06-28,510888128.0,1675280.0,201825.0
2017-06-29,627587456.0,1616736.0,296893.0
2017-06-30,641278784.0,2065701.0,178413.0
2017-07-01,641278784.0,2065701.0,178413.0
2017-07-02,641278784.0,2065701.0,178413.0
2017-07-03,340988864.0,1138458.0,253037.0
2017-07-04,,,322896.0
2017-07-05,568311040.0,1997671.0,412836.0
2017-07-06,553968192.0,1904349.0,213096.0
2017-07-07,458121632.0,2544248.0,345038.0
2017-07-08,458121632.0,2544248.0,345038.0
2017-07-09,458121632.0,2544248.0,345038.0
2017-07-10,490786848.0,2322542.0,281247.0
2017-07-11,463115296.0,2012812.0,249607.0
2017-07-12,491970048.0,1436806.0,300221.0
2017-07-13,487396064.0,1376945.0,287477.0
2017-07-14,439411168.0,1252267.0,310690.0
2017-07-15,439411168.0,1252267.0,310690.0
2017-07-16,439411168.0,1252267.0,310690.0
2017-07-17,436559904.0,1492881.0,197260.0
2017-07-18,434266880.0,1674909.0,289100.0
2017-07-19,466391392.0,1655901.0,237277.0
2017-07-20,510915136.0,1716013.0,319602.0
2017-07-21,562308032.0,2023853.0,300329.0
2017-07-22,562308032.0,2023853.0,300329.0
2017-07-23,562308032.0,2023853.0,300329.0
2017-07-24,586387584.0,1476965.0,290224.0
2017-07-25,647296896.0,1443269.0,301567.0
2017-07-26,546161216.0,1649615.0,375537.0
2017-07-27,654796160.0,1275430.0,401329.0
2017-07-28,505672256.0,1945831.0,338859.0
2017-07-29,505672256.0,1945831.0,338859.0
2017-07-30,505672256.0,1945831.0,338859.0
2017-07-31,691834816.0,2669709.0,182846.0
2017-08-01,520941056.0,1854785.0,230977.0
2017-08-02,549613504.0,1389941.0,219215.0
2017-08-03,511717824.0,1980825.0,217464.0
2017-08-04,497282496.0,1088450.0,282842.0
2017-08-05,497282496.0,1088450.0,282842.0
2017-08-06,497282496.0,1088450.0,282842.0
2017-08-07,451477344.0,1308121.0,127237.0
2017-08-08,459725408.0,2005966.0,262318.0
2017-08-09,462612064.0,1880793.0,304558.0
2017-08-10,543287872.0,1431606.0,284321.0
2017-08-11,442234816.0,1199186.0,278960.0
2017-08-12,442234816.0,1199186.0,278960.0
2017-08-13,442234816.0,1199186.0,278960.0
2017-08-14,460363456.0,2165072.0,249054.0
2017-08-15,440317344.0,1476291.0,295588.0
2017-08-16,447838176.0,1657173.0,278381.0
2017-08-17,521867392.0,1792323.0,340107.0
2017-08-18,604768320.0,1729441.0,414312.0
2017-08-19,604768320.0,1729441.0,414312.0
2017-08-20,604768320.0,1729441.0,414312.0
2017-08-21,461474912.0,1308575.0,269528.0
2017-08-22,429489312.0,1203615.0,275477.0
2017-08-23,429162720.0,1287139.0,248205.0
2017-08-24,470044928.0,1601676.0,254035.0
2017-08-25,424178880.0,1511036.0,370787.0
2017-08-26,424178880.0,1511036.0,370787.0
2017-08-27,424178880.0,1511036.0,370787.0
2017-08-28,424021664.0,1463490.0,369814.0
2017-08-29,404549824.0,2136199.0,488186.0
2017-08-30,411614752.0,1196565.0,488186.0
2017-08-31,645169344.0,1764353.0,328551.0
2017-09-01,403108736.0,1526766.0,418609.0
2017-09-02,403108736.0,1526766.0,418609.0
2017-09-03,403108736.0,1526766.0,418609.0
2017-09-04,403108736.0,1526766.0,418609.0
2017-09-05,554135360.0,2084230.0,393671.0
2017-09-06,539031424.0,1646380.0,328513.0
2017-09-07,516386816.0,1970811.0,380899.0
2017-09-08,501930912.0,2804152.0,412827.0
2017-09-09,501930912.0,2804152.0,412827.0
2017-09-10,501930912.0,2804152.0,412827.0
2017-09-11,515607584.0,1476851.0,316333.0
2017-09-12,490795712.0,1664078.0,302181.0
2017-09-13,492082400.0,1654248.0,322691.0
2017-09-14,533390848.0,1375725.0,348406.0
2017-09-15,1435549568.0,1593983.0,328322.0
2017-09-16,1435549568.0,1593983.0,328322.0
2017-09-17,1435549568.0,1593983.0,328322.0
2017-09-18,517468352.0,1822860.0,288029.0
2017-09-19,501361152.0,1265999.0,283840.0
2017-09-20,536200416.0,1735570.0,375718.0
2017-09-21,463948288.0,1212256.0,444031.0
2017-09-22,452975168.0,1446756.0,270145.0
2017-09-23,452975168.0,1446756.0,270145.0
2017-09-24,452975168.0,1446756.0,270145.0
2017-09-25,562494400.0,2725636.0,383906.0
2017-09-26,471032576.0,1501050.0,421630.0
2017-09-27,522320192.0,1568966.0,410995.0
2017-09-28,469529440.0,1243839.0,297989.0
2017-09-29,533211296.0,3114506.0,294549.0
2017-09-30,533211296.0,3114506.0,294549.0
2017-10-01,533211296.0,3114506.0,294549.0
2017-10-02,471297248.0,3772220.0,278390.0
2017-10-03,424599456.0,2850003.0,211897.0
2017-10-04,436084928.0,2709863.0,276911.0
2017-10-05,454529760.0,2961550.0,225217.0
2017-10-06,452348256.0,1926240.0,383994.0
2017-10-07,452348256.0,1926240.0,383994.0
2017-10-08,452348256.0,1926240.0,383994.0
2017-10-09,397766208.0,1022921.0,206720.0
2017-10-10,429347584.0,4887483.0,337230.0
2017-10-11,486225600.0,1294016.0,265663.0
2017-10-12,548749696.0,1784074.0,257852.0
2017-10-13,498032320.0,1835868.0,302070.0
2017-10-14,498032320.0,1835868.0,302070.0
2017-10-15,498032320.0,1835868.0,302070.0
2017-10-16,436093792.0,1523760.0,277627.0
2017-10-17,443918368.0,1430567.0,356833.0
2017-10-18,425609088.0,1577115.0,264823.0
2017-10-19,474516352.0,1569787.0,389777.0
2017-10-20,631304960.0,2004708.0,331645.0
2017-10-21,631304960.0,2004708.0,331645.0
2017-10-22,631304960.0,2004708.0,331645.0
2017-10-23,515834336.0,2743985.0,297084.0
2017-10-24,504318912.0,2368734.0,276271.0
2017-10-25,613367104.0,1632861.0,389653.0
2017-10-26,563772800.0,1984059.0,400292.0
2017-10-27,645607680.0,1796117.0,371715.0
2017-10-28,645607680.0,1796117.0,371715.0
2017-10-29,645607680.0,1796117.0,371715.0
2017-10-30,569441664.0,1597476.0,271486.0
2017-10-31,625261376.0,2047475.0,292195.0
2017-11-01,545216384.0,1649319.0,399526.0
2017-11-02,588411392.0,2452507.0,394497.0
2017-11-03,522405568.0,1416286.0,390348.0
2017-11-04,522405568.0,1416286.0,390348.0
2017-11-05,522405568.0,1416286.0,390348.0
2017-11-06,563277248.0,1381358.0,377874.0
2017-11-07,546575360.0,2532720.0,363923.0
2017-11-08,509991840.0,2390075.0,391855.0
2017-11-09,534175136.0,2186493.0,432339.0
2017-11-10,514497888.0,1782105.0,401921.0
2017-11-11,514497888.0,1782105.0,401921.0
2017-11-12,514497888.0,1782105.0,401921.0
2017-11-13,509432256.0,1755389.0,249391.0
2017-11-14,534046176.0,1714975.0,384436.0
2017-11-15,522430976.0,2954962.0,467241.0
2017-11-16,497592416.0,1691769.0,298415.0
2017-11-17,589985856.0,2333211.0,434075.0
2017-11-18,589985856.0,2333211.0,434075.0
2017-11-19,589985856.0,2333211.0,434075.0
2017-11-20,466385440.0,1579432.0,474373.0
2017-11-21,505692192.0,1990302.0,399353.0
2017-11-22,421544128.0,1686517.0,507020.0
2017-11-23,421544128.0,1686517.0,507020.0
2017-11-24,204379840.0,865027.0,447878.0
2017-11-25,204379840.0,865027.0,447878.0
2017-11-26,204379840.0,865027.0,447878.0
2017-11-27,481757856.0,1567685.0,472666.0
2017-11-28,542585600.0,1908717.0,518853.0
2017-11-29,653481152.0,1898817.0,449620.0
2017-11-30,1041514112.0,3145974.0,367734.0
2017-12-01,670644224.0,2459414.0,450743.0
2017-12-02,670644224.0,2459414.0,450743.0
2017-12-03,670644224.0,2459414.0,450743.0
2017-12-04,725319808.0,1891408.0,266854.0
2017-12-05,633406080.0,1819108.0,345498.0
2017-12-06,531429536.0,1556474.0,257907.0
2017-12-07,526053632.0,1692326.0,341208.0
2017-12-08,490109088.0,1411145.0,285530.0
2017-12-09,490109088.0,1411145.0,285530.0
2017-12-10,490109088.0,1411145.0,285530.0
2017-12-11,510473728.0,1836844.0,199816.0
2017-12-12,553661440.0,3055423.0,247947.0
2017-12-13,551014976.0,2160924.0,341704.0
2017-12-14,529030400.0,2061340.0,275417.0
2017-12-15,1655377024.0,2868822.0,255347.0
2017-12-16,1655377024.0,2868822.0,255347.0
2017-12-17,1655377024.0,2868822.0,255347.0
2017-12-18,608455168.0,2007846.0,218356.0
2017-12-19,556473472.0,3411188.0,215715.0
2017-12-20,521377568.0,2398215.0,211767.0
2017-12-21,511474976.0,3200510.0,208714.0
2017-12-22,403668832.0,2646981.0,205359.0
2017-12-23,403668832.0,2646981.0,205359.0
2017-12-24,403668832.0,2646981.0,205359.0
2017-12-25,403668832.0,2646981.0,205359.0
2017-12-26,310274464.0,1744960.0,138523.0
2017-12-27,335254432.0,1756873.0,215499.0
2017-12-28,296015168.0,2298627.0,243862.0
2017-12-29,460819392.0,2604126.0,260754.0
2017-12-30,460819392.0,2604126.0,260754.0
2017-12-31,460819392.0,2604126.0,260754.0
2018-01-01,460819392.0,2604126.0,260754.0
2018-01-02,513766272.0,3193217.0,304822.0
2018-01-03,540193344.0,2280164.0,381766.0
2018-01-04,561303616.0,2214197.0,411676.0
2018-01-05,534970176.0,4379236.0,350582.0
2018-01-06,534970176.0,4379236.0,350582.0
2018-01-07,534970176.0,4379236.0,350582.0
2018-01-08,531091968.0,2661331.0,291287.0
2018-01-09,509531680.0,2803298.0,399198.0
2018-01-10,529784768.0,3509066.0,443688.0
2018-01-11,493292064.0,3478375.0,296624.0
2018-01-12,583103744.0,2910108.0,428444.0
2018-01-13,583103744.0,2910108.0,428444.0
2018-01-14,583103744.0,2910108.0,428444.0
2018-01-15,583103744.0,2910108.0,428444.0
2018-01-16,711573760.0,4423615.0,554391.0
2018-01-17,633450432.0,3779727.0,436608.0
2018-01-18,592316928.0,2600746.0,338058.0
2018-01-19,753914944.0,2209735.0,320811.0
2018-01-20,753914944.0,2209735.0,320811.0
2018-01-21,753914944.0,2209735.0,320811.0
2018-01-22,603357888.0,5629900.0,453880.0
2018-01-23,545995328.0,2512905.0,456585.0
2018-01-24,609308032.0,1758639.0,696966.0
2018-01-25,553948736.0,2610313.0,698050.0
2018-01-26,569404096.0,1635754.0,496978.0
2018-01-27,569404096.0,1635754.0,496978.0
2018-01-28,569404096.0,1635754.0,496978.0
2018-01-29,544693440.0,2283246.0,529935.0
2018-01-30,600917632.0,2813365.0,479199.0
2018-01-31,815230656.0,3170858.0,392320.0
2018-02-01,623001920.0,2888421.0,320256.0
2018-02-02,712515008.0,3220165.0,445735.0
2018-02-03,712515008.0,3220165.0,445735.0
2018-02-04,712515008.0,3220165.0,445735.0
2018-02-05,1000762688.0,4461469.0,313451.0
2018-02-06,1089822336.0,3993938.0,486495.0
2018-02-07,765911104.0,3897101.0,362184.0
2018-02-08,880613312.0,4761986.0,384541.0
2018-02-09,986284480.0,3823509.0,334110.0
2018-02-10,986284480.0,3823509.0,334110.0
2018-02-11,986284480.0,3823509.0,334110.0
2018-02-12,757736640.0,5476709.0,225042.0
2018-02-13,538762304.0,2739647.0,213333.0
2018-02-14,632361856.0,3602066.0,457618.0
2018-02-15,571606592.0,2033416.0,294252.0
2018-02-16,669882624.0,2009314.0,257878.0
2018-02-17,669882624.0,2009314.0,257878.0
2018-02-18,669882624.0,2009314.0,257878.0
2018-02-19,669882624.0,2009314.0,257878.0
2018-02-20,571354624.0,2354698.0,398507.0
2018-02-21,594875776.0,2391512.0,262621.0
2018-02-22,539376384.0,2212706.0,220760.0
2018-02-23,488629024.0,1704320.0,178159.0
2018-02-24,488629024.0,1704320.0,178159.0
2018-02-25,488629024.0,1704320.0,178159.0
2018-02-26,559643200.0,2786771.0,270915.0
2018-02-27,621882496.0,3086331.0,358682.0
2018-02-28,750778944.0,1998999.0,293989.0
2018-03-01,737763712.0,2946780.0,460174.0
2018-03-02,646045376.0,4555286.0,280150.0
2018-03-03,646045376.0,4555286.0,280150.0
2018-03-04,646045376.0,4555286.0,280150.0
2018-03-05,619738240.0,2282939.0,242331.0
2018-03-06,559826304.0,1950982.0,304633.0
2018-03-07,569606144.0,2220001.0,344640.0
2018-03-08,525022528.0,1515427.0,291324.0
2018-03-09,580604672.0,2346029.0,396203.0
2018-03-10,580604672.0,2346029.0,396203.0
2018-03-11,580604672.0,2346029.0,396203.0
2018-03-12,586177216.0,2308238.0,264137.0
2018-03-13,604760704.0,2531382.0,379390.0
2018-03-14,587912192.0,1775599.0,288030.0
2018-03-15,517766592.0,1628441.0,275061.0
2018-03-16,1678756352.0,1528029.0,321719.0
2018-03-17,1678756352.0,1528029.0,321719.0
2018-03-18,1678756352.0,1528029.0,321719.0
2018-03-19,634327104.0,1360291.0,354161.0
2018-03-20,569771392.0,2288555.0,354799.0
2018-03-21,539721600.0,1802802.0,555342.0
2018-03-22,684188544.0,2940990.0,443317.0
2018-03-23,710385984.0,2165481.0,594500.0
2018-03-24,710385984.0,2165481.0,594500.0
2018-03-25,710385984.0,2165481.0,594500.0
2018-03-26,674796160.0,2359480.0,553719.0
2018-03-27,686450496.0,1734383.0,603101.0
2018-03-28,683146304.0,3330234.0,464871.0
2018-03-29,746031744.0,2599667.0,264468.0
2018-03-30,746031744.0,2599667.0,264468.0
2018-03-31,746031744.0,2599667.0,264468.0
2018-04-01,746031744.0,2599667.0,264468.0
2018-04-02,713692032.0,2387072.0,264296.0
2018-04-03,631017024.0,2636462.0,297094.0
2018-04-04,624103488.0,2274303.0,360630.0
2018-04-05,530434816.0,2020971.0,288119.0
2018-04-06,636953472.0,2202383.0,383324.0
2018-04-07,636953472.0,2202383.0,383324.0
2018-04-08,636953472.0,2202383.0,383324.0
2018-04-09,564580736.0,2096307.0,242024.0
2018-04-10,596054208.0,1894631.0,296179.0
2018-04-11,472621312.0,1680773.0,517133.0
2018-04-12,514725664.0,1427853.0,421359.0
2018-04-13,489340288.0,1493343.0,280389.0
2018-04-14,489340288.0,1493343.0,280389.0
2018-04-15,489340288.0,1493343.0,280389.0
2018-04-16,510147520.0,1981548.0,276761.0
2018-04-17,496172768.0,1622823.0,287880.0
2018-04-18,493200160.0,1758381.0,320938.0
2018-04-19,529064000.0,1636839.0,350873.0
2018-04-20,705811904.0,1610593.0,301318.0
2018-04-21,705811904.0,1610593.0,301318.0
2018-04-22,705811904.0,1610593.0,301318.0
2018-04-23,516315424.0,2312091.0,311932.0
2018-04-24,626587520.0,2721438.0,290027.0
2018-04-25,556103616.0,2248786.0,281963.0
2018-04-26,627256896.0,3368317.0,305271.0
2018-04-27,519061824.0,1437633.0,249552.0
2018-04-28,519061824.0,1437633.0,249552.0
2018-04-29,519061824.0,1437633.0,249552.0
2018-04-30,694514048.0,1637448.0,327985.0
2018-05-01,557716864.0,1437835.0,300675.0
2018-05-02,609574848.0,1461701.0,405242.0
2018-05-03,599374720.0,1506187.0,323532.0
2018-05-04,507718304.0,1368236.0,325137.0
2018-05-05,507718304.0,1368236.0,325137.0
2018-05-06,507718304.0,1368236.0,325137.0
2018-05-07,503479648.0,1665815.0,258240.0
2018-05-08,572165056.0,1407592.0,466744.0
2018-05-09,538958336.0,2304355.0,430414.0
2018-05-10,480040800.0,1728144.0,399059.0
2018-05-11,501534720.0,1486143.0,295227.0
2018-05-12,501534720.0,1486143.0,295227.0
2018-05-13,501534720.0,1486143.0,295227.0
2018-05-14,505950720.0,1549008.0,277808.0
2018-05-15,549697088.0,1633600.0,535289.0
2018-05-16,488057152.0,2243654.0,362005.0
2018-05-17,459139072.0,2075192.0,326026.0
2018-05-18,574145216.0,1569275.0,298912.0
2018-05-19,574145216.0,1569275.0,298912.0
2018-05-20,574145216.0,1569275.0,298912.0
2018-05-21,475744480.0,1279018.0,389409.0
2018-05-22,503267968.0,2268623.0,347253.0
2018-05-23,544285248.0,1199853.0,495008.0
2018-05-24,516422432.0,1232675.0,548810.0
2018-05-25,445367200.0,1059562.0,400055.0
2018-05-26,445367200.0,1059562.0,400055.0
2018-05-27,445367200.0,1059562.0,400055.0
2018-05-28,445367200.0,1059562.0,400055.0
2018-05-29,638176512.0,2460822.0,762110.0
2018-05-30,536948160.0,3618014.0,398891.0
2018-05-31,1013818560.0,4354239.0,330739.0
2018-06-01,530951968.0,3500816.0,331413.0
2018-06-02,530951968.0,3500816.0,331413.0
2018-06-03,530951968.0,3500816.0,331413.0
2018-06-04,530377440.0,2310583.0,221664.0
2018-06-05,548116608.0,2807240.0,277641.0
2018-06-06,595176640.0,2669010.0,264944.0
2018-06-07,555728000.0,3346357.0,274927.0
2018-06-08,511059840.0,2010500.0,232246.0
2018-06-09,511059840.0,2010500.0,232246.0
2018-06-10,511059840.0,2010500.0,232246.0
2018-06-11,510492032.0,1754442.0,218777.0
2018-06-12,541699840.0,1881771.0,244815.0
2018-06-13,665243840.0,1568854.0,275929.0
2018-06-14,637381760.0,3986504.0,356803.0
2018-06-15,1643960064.0,1858755.0,555061.0
2018-06-16,1643960064.0,1858755.0,555061.0
2018-06-17,1643960064.0,1858755.0,555061.0
2018-06-18,577861760.0,3569958.0,202332.0
2018-06-19,644350976.0,2814047.0,300092.0
2018-06-20,547882112.0,2137862.0,250370.0
2018-06-21,543930368.0,2741007.0,294961.0
2018-06-22,1089844992.0,1535458.0,197360.0
2018-06-23,1089844992.0,1535458.0,197360.0
2018-06-24,1089844992.0,1535458.0,197360.0
2018-06-25,662570304.0,4631909.0,211482.0
2018-06-26,586084352.0,1699058.0,261689.0
2018-06-27,588676800.0,1792572.0,270266.0
2018-06-28,539312192.0,1288043.0,254811.0
2018-06-29,685339776.0,1443038.0,241356.0
2018-06-30,685339776.0,1443038.0,241356.0
2018-07-01,685339776.0,1443038.0,241356.0
2018-07-02,499361024.0,1827009.0,302644.0
2018-07-03,336033504.0,1138271.0,326478.0
2018-07-04,336033504.0,1138271.0,326478.0
2018-07-05,516109696.0,2020998.0,430054.0
2018-07-06,464756544.0,1351311.0,218237.0
2018-07-07,464756544.0,1351311.0,218237.0
2018-07-08,464756544.0,1351311.0,218237.0
2018-07-09,486476608.0,1579351.0,281444.0
2018-07-10,454090880.0,1685892.0,309464.0
2018-07-11,465278688.0,3804913.0,366580.0
2018-07-12,495510752.0,1834341.0,266731.0
2018-07-13,455567200.0,4131408.0,312917.0
2018-07-14,455567200.0,4131408.0,312917.0
2018-07-15,455567200.0,4131408.0,312917.0
2018-07-16,498361696.0,1712671.0,207434.0
2018-07-17,479778208.0,2467866.0,357866.0
2018-07-18,484911968.0,2214800.0,326249.0
2018-07-19,507386688.0,2019199.0,523818.0
2018-07-20,594490816.0,1631276.0,425746.0
2018-07-21,594490816.0,1631276.0,425746.0
2018-07-22,594490816.0,1631276.0,425746.0
2018-07-23,464098592.0,1448051.0,422470.0
2018-07-24,525043936.0,1837662.0,378897.0
2018-07-25,574458880.0,2105472.0,342833.0
2018-07-26,633260032.0,2105472.0,415719.0
2018-07-27,552498944.0,1396769.0,431382.0
2018-07-28,552498944.0,1396769.0,431382.0
2018-07-29,552498944.0,1396769.0,431382.0
2018-07-30,533145056.0,2146365.0,271529.0
2018-07-31,722981440.0,3376814.0,312677.0
2018-08-01,553483648.0,3207198.0,229436.0
2018-08-02,508759616.0,2852068.0,246226.0
2018-08-03,472003456.0,2744600.0,289008.0
2018-08-04,472003456.0,2744600.0,289008.0
2018-08-05,472003456.0,2744600.0,289008.0
2018-08-06,445464096.0,2109220.0,205992.0
2018-08-07,455622208.0,1909880.0,214247.0
2018-08-08,391622432.0,2126929.0,274592.0
2018-08-09,404265120.0,2635551.0,239176.0
2018-08-10,486996448.0,2444270.0,339905.0
2018-08-11,486996448.0,2444270.0,339905.0
2018-08-12,486996448.0,2444270.0,339905.0
2018-08-13,465078656.0,3356037.0,389854.0
2018-08-14,428267008.0,2725441.0,249187.0
2018-08-15,527499040.0,3088439.0,391898.0
2018-08-16,481917536.0,2253998.0,373218.0
2018-08-17,532721408.0,1030489.0,262651.0
2018-08-18,532721408.0,1030489.0,262651.0
2018-08-19,532721408.0,1030489.0,262651.0
2018-08-20,418866304.0,2503307.0,212617.0
2018-08-21,482188640.0,1906288.0,224922.0
2018-08-22,367247456.0,2050154.0,243905.0
2018-08-23,422539616.0,1465374.0,240108.0
2018-08-24,425807424.0,1867799.0,306755.0
2018-08-25,425807424.0,1867799.0,306755.0
2018-08-26,425807424.0,1867799.0,306755.0
2018-08-27,529573888.0,2369398.0,214542.0
2018-08-28,440029280.0,2404734.0,298895.0
2018-08-29,443529408.0,1579109.0,255606.0
2018-08-30,413676224.0,1171462.0,298859.0
2018-08-31,582307200.0,2923417.0,272536.0
2018-09-01,582307200.0,2923417.0,272536.0
2018-09-02,582307200.0,2923417.0,272536.0
2018-09-03,582307200.0,2923417.0,272536.0
2018-09-04,521852576.0,2424090.0,438167.0
2018-09-05,611398528.0,2582922.0,219329.0
2018-09-06,531748064.0,2154167.0,304221.0
2018-09-07,519383136.0,2505328.0,299631.0
2018-09-08,519383136.0,2505328.0,299631.0
2018-09-09,519383136.0,2505328.0,299631.0
2018-09-10,488437312.0,1478578.0,224200.0
2018-09-11,475957248.0,1511434.0,274986.0
2018-09-12,526533856.0,1099055.0,314311.0
2018-09-13,534354304.0,1740587.0,324141.0
2018-09-14,474830048.0,3227172.0,294348.0
2018-09-15,474830048.0,3227172.0,294348.0
2018-09-16,474830048.0,3227172.0,294348.0
2018-09-17,491583104.0,2398366.0,217892.0
2018-09-18,491829920.0,2528432.0,236002.0
2018-09-19,511855968.0,1987939.0,243913.0
2018-09-20,556556352.0,2320065.0,252085.0
2018-09-21,1951071872.0,1767689.0,357928.0
2018-09-22,1951071872.0,1767689.0,357928.0
2018-09-23,1951071872.0,1767689.0,357928.0
2018-09-24,578856000.0,2944207.0,228334.0
2018-09-25,557812928.0,1714766.0,216204.0
2018-09-26,570460224.0,1848940.0,366195.0
2018-09-27,492445984.0,1388172.0,368818.0
2018-09-28,641992704.0,2602783.0,314938.0
2018-09-29,641992704.0,2602783.0,314938.0
2018-09-30,641992704.0,2602783.0,314938.0
2018-10-01,543444736.0,2874755.0,228442.0
2018-10-02,536960128.0,2616974.0,373035.0
2018-10-03,557311872.0,2317610.0,259607.0
2018-10-04,537540096.0,3245376.0,306795.0
2018-10-05,564482816.0,2316251.0,269720.0
2018-10-06,564482816.0,2316251.0,269720.0
2018-10-07,564482816.0,2316251.0,269720.0
2018-10-08,546183424.0,1899455.0,331637.0
2018-10-09,534942624.0,4305020.0,251926.0
2018-10-10,777965568.0,2834205.0,262811.0
2018-10-11,885777024.0,3269799.0,559277.0
2018-10-12,726620992.0,2383320.0,330241.0
2018-10-13,726620992.0,2383320.0,330241.0
2018-10-14,726620992.0,2383320.0,330241.0
2018-10-15,554540800.0,2093223.0,298885.0
2018-10-16,545449024.0,2384676.0,246970.0
2018-10-17,559161856.0,1891251.0,240276.0
2018-10-18,584156032.0,1694126.0,249585.0
2018-10-19,710204224.0,1729509.0,195373.0
2018-10-20,710204224.0,1729509.0,195373.0
2018-10-21,710204224.0,1729509.0,195373.0
2018-10-22,552132465.0,1531355.0,201367.0
2018-10-23,695059367.0,1948697.0,295336.0
2018-10-24,815395463.0,1627682.0,216182.0
2018-10-25,767958462.0,1995783.0,276127.0
2018-10-26,870121014.0,2240974.0,326122.0
2018-10-27,870121014.0,2240974.0,326122.0
2018-10-28,870121014.0,2240974.0,326122.0
2018-10-29,778263648.0,1914881.0,241201.0
2018-10-30,888192193.0,2565244.0,232751.0
2018-10-31,910799476.0,6252492.0,276577.0
2018-11-01,700345393.0,3802945.0,346447.0
2018-11-02,742531163.0,2034711.0,270938.0
2018-11-03,742531163.0,2034711.0,270938.0
2018-11-04,742531163.0,2034711.0,270938.0
2018-11-05,599359660.0,1868156.0,174806.0
2018-11-06,549022195.0,2034764.0,215941.0
2018-11-07,614189081.0,2687023.0,288668.0
2018-11-08,571440204.0,2244198.0,281764.0
2018-11-09,659956477.0,1705634.0,378946.0
2018-11-10,659956477.0,1705634.0,378946.0
2018-11-11,659956477.0,1705634.0,378946.0
2018-11-12,630070307.0,1072541.0,241873.0
2018-11-13,610281337.0,2749531.0,303230.0
2018-11-14,704285465.0,2919611.0,305266.0
2018-11-15,695330012.0,2570545.0,283648.0
2018-11-16,838188083.0,1820273.0,280844.0
2018-11-17,838188083.0,1820273.0,280844.0
2018-11-18,838188083.0,1820273.0,280844.0
2018-11-19,688894394.0,2508311.0,242827.0
2018-11-20,760763750.0,1900672.0,307259.0
2018-11-21,552735153.0,3890547.0,286488.0
2018-11-22,552735153.0,3890547.0,286488.0
2018-11-23,291401125.0,647682.0,307495.0
2018-11-24,291401125.0,647682.0,307495.0
2018-11-25,291401125.0,647682.0,307495.0
2018-11-26,608988820.0,1528052.0,420848.0
2018-11-27,550959355.0,2575861.0,453236.0
2018-11-28,666839589.0,2228520.0,474564.0
2018-11-29,523646403.0,2407834.0,307917.0
2018-11-30,1047664163.0,2192072.0,178233.0
2018-12-01,1047664163.0,2192072.0,178233.0
2018-12-02,1047664163.0,2192072.0,178233.0
2018-12-03,744605200.0,2193086.0,253846.0
2018-12-04,851039439.0,3212821.0,229098.0
2018-12-05,,,114446.0
2018-12-06,915372571.0,4459059.0,259273.0
2018-12-07,733845511.0,3815650.0,240931.0
2018-12-08,733845511.0,3815650.0,240931.0
2018-12-09,733845511.0,3815650.0,240931.0
2018-12-10,684878106.0,2718958.0,214583.0
2018-12-11,600208705.0,4167742.0,198553.0
2018-12-12,671626902.0,2669127.0,167531.0
2018-12-13,620983881.0,2594184.0,166706.0
2018-12-14,705439559.0,3499424.0,201350.0
2018-12-15,705439559.0,3499424.0,201350.0
2018-12-16,705439559.0,3499424.0,201350.0
2018-12-17,819097979.0,2931673.0,175708.0
2018-12-18,763897033.0,3218868.0,188508.0
2018-12-19,932514446.0,3125398.0,284131.0
2018-12-20,1047090599.0,3459762.0,334395.0
2018-12-21,2284643404.0,4527574.0,221084.0
2018-12-22,2284643404.0,4527574.0,221084.0
2018-12-23,2284643404.0,4527574.0,221084.0
2018-12-24,492144152.0,6031012.0,145164.0
2018-12-25,492144152.0,6031012.0,145164.0
2018-12-26,785822352.0,5912449.0,215371.0
2018-12-27,754927749.0,2751784.0,222137.0
2018-12-28,,3495090.0,164969.0
